id,created_at,name,state_id,localgovernment_lagos_id,agent_id
1,1773836205699,ISALE/IDIMANGORO,24,1,0
2,1773836205706,ILORO/ONIPETESI,24,1,0
3,1773836205713,ONIWAYA/PAPA-UKU,24,1,0
4,1773836205720,AGBOTIKUYO/DOPEMU,24,1,0
5,1773836205727,"OYEWOLE/PAPA ASHAFA",24,1,0
6,1773836205734,OKEKOTO,24,1,0
7,1773836205741,KEKE,24,1,0
8,1773836205748,DAROCHA,24,1,0
9,1773836205754,"TABON TABON/OKO OBA",24,1,0
10,1773836205761,"ORILE AGEGE/OKO OBA",24,1,0
11,1773836205768,"ISALE ODO",24,1,0
12,1773836205775,"AGO HAUSA",24,2,0
13,1773836205783,AWODI-ORA,24,2,0
14,1773836205790,WILMER,24,2,0
15,1773836205799,OLODI,24,2,0
16,1773836205813,TOLU,24,2,0
17,1773836205821,"TEMIDIRE I",24,2,0
18,1773836205836,"OJO ROAD",24,2,0
19,1773836205845,LAYENI,24,2,0
20,1773836205854,"ALABA ORO",24,2,0
21,1773836205870,MOSAFEJO,24,2,0
22,1773836205878,"TEMIDIRE II",24,2,0
23,1773836205884,SHASHA/AKOWONJO,24,3,0
24,1773836205891,EGBEDA/ALIMOSHO,24,3,0
25,1773836205898,"IDIMU/ISHERI OLOFIN",24,3,0
26,1773836205905,IKOTUN/IJEGUN,24,3,0
27,1773836205911,EGBE/AGODO,24,3,0
28,1773836205918,IGANDO/EGAN,24,3,0
29,1773836205925,"IPAJA NORTH",24,3,0
30,1773836205931,"IPAJA SOUTH",24,3,0
31,1773836205938,"AYOBO/IJON VILLAGE (CAMP DAVID)",24,3,0
32,1773836205945,PLEASURE/OKE-ODO,24,3,0
33,1773836205951,ABULE-EGBA/ABORU/MEIRAN/ALAGBADO,24,3,0
34,1773836205958,"AMUWO-ODOFIN HOUSING ESTATE,   MILE 2",24,4,0
35,1773836205964,"FESTAC 1",24,4,0
36,1773836205970,"FESTAC II",24,4,0
37,1773836205977,KIRIKIRI,24,4,0
38,1773836205983,AMUWO,24,4,0
39,1773836205990,IJEGUN,24,4,0
40,1773836205997,SATELLITE,24,4,0
41,1773836206003,IREDE,24,4,0
42,1773836206010,IBESHE,24,4,0
43,1773836206016,IGBOLOGUN,24,4,0
44,1773836206023,"FESTAC III",24,4,0
45,1773836206030,"APAPA I (MARINE RD. & ENVIRONS)",24,5,0
46,1773836206038,"APAPA II (LIVERPOOL RD. AND ENVIRONS)",24,5,0
47,1773836206045,"APAPA III (CREEK RD. TINCAN/SNAKE ISLAND",24,5,0
48,1773836206053,"APAPA IV (PELEWURA CRESCENT AND ENVIRONS)",24,5,0
49,1773836206060,IJORA-OLOYE,24,5,0
50,1773836206067,"OLODAN ST. OLOJOWOU ST/ALH.DOGO OLATOKUNBO ST. IGANMU",24,5,0
51,1773836206074,"GASKIYA & ENVIRONS",24,5,0
52,1773836206082,"AFOLABI ALASIA STR. AND ENVIRONS",24,5,0
53,1773836206100,"MALU ROAD AND ENVIRONS",24,5,0
54,1773836206111,"SARI AND ENVIRONS",24,5,0
55,1773836206118,POSUKOH,24,6,0
56,1773836206125,AWHANJIGOH,24,6,0
57,1773836206132,IBEREKO,24,6,0
58,1773836206139,APA,24,6,0
59,1773836206146,KETA-EAST,24,6,0
60,1773836206153,"IWORO GBANKO",24,6,0
61,1773836206159,AJIDO,24,6,0
62,1773836206166,ILOGBO-ARAROMI,24,6,0
63,1773836206173,IKOGA,24,6,0
64,1773836206180,AJARA,24,6,0
65,1773836206186,IYA-AFIN,24,6,0
66,1773836206193,ETITA/EBODE,24,7,0
67,1773836206200,LAGBADE,24,7,0
68,1773836206207,POPO-OBA,24,7,0
69,1773836206213,OKE-BALOGUN,24,7,0
70,1773836206220,AJAGANABE,24,7,0
71,1773836206228,ISE/IGBOGUN,24,7,0
72,1773836206236,ORIBA/LADABA,24,7,0
73,1773836206243,ABOMITI,24,7,0
74,1773836206250,AGBOWA,24,7,0
75,1773836206258,"AGBOWA IKOSI",24,7,0
76,1773836206268,"AGO OWU",24,7,0
77,1773836206276,ORUGBO,24,7,0
78,1773836206283,ILARA,24,7,0
79,1773836206291,IBONWON,24,7,0
80,1773836206298,ODORAGUNSIN,24,7,0
81,1773836206306,POKA,24,7,0
82,1773836206314,ODOMOLA,24,7,0
83,1773836206320,EJIRIN,24,7,0
84,1773836206327,ITOIKIN,24,7,0
85,1773836206335,"VICTORIA ISLAND I",24,8,0
86,1773836206341,"VICTORIA ISLAND II",24,8,0
87,1773836206352,"ILASAN HOUSING ESTATE",24,8,0
88,1773836206359,"LEKKI/IKATE AND ENVIRONS",24,8,0
89,1773836206366,"ILADO/ETI-OSA AND ENVIRONS",24,8,0
90,1773836206374,AJAH/SANGOTEDO,24,8,0
91,1773836206381,ADO/LANGBASA/BADORE,24,8,0
92,1773836206388,"IKOYI I",24,8,0
93,1773836206395,"IKOYI II",24,8,0
94,1773836206401,OBALENDE,24,8,0
95,1773836206408,"IBEJU I",24,9,0
96,1773836206414,"N2,   (IBEJU II)",24,9,0
97,1773836206421,"ORIMEDU I",24,9,0
98,1773836206428,"02,   (ORIMEDU II)",24,9,0
99,1773836206434,"03,   (ORIMEDU III)",24,9,0
100,1773836206441,,9,0,24
101,1773836206448,"IWEREKUN II",24,9,0
102,1773836206454,"S1,   (LEKKI I)",24,9,0
103,1773836206461,"LEKKI II",24,9,0
104,1773836206467,"S2,   (SIRIWON/IGBEKODO I)",24,9,0
105,1773836206474,"S,  2A (SIRIWON/IGBEKODO II)",24,9,0
106,1773836206480,IJAYE,24,10,0
107,1773836206487,"OLD IFAKO/KARAOLE",24,10,0
108,1773836206493,"NEW IFAKO/OYEMEKUN",24,10,0
109,1773836206500,"FAGBA/AKUTE ROAD",24,10,0
110,1773836206507,"IJU ISAGA",24,10,0
111,1773836206513,IJU-OBAWOLE,24,10,0
112,1773836206519,PAMADA/ABULE-EGBA,24,10,0
113,1773836206526,IJAIYE/OJOKORO,24,10,0
114,1773836206533,IJAIYE/AGBADO/KOLLINGTON,24,10,0
115,1773836206539,ALAKUKO/KOLLINGTON,24,10,0
116,1773836206546,AJEGUNLE/AKINDE/ANIMASHAUN,24,10,0
117,1773836206553,ANIFOWOSHE/IKEJA,24,11,0
118,1773836206560,OJODU/AGIDINGBI/OMOLE,24,11,0
119,1773836206567,ALAUSA/OREGUN/OLUSOSUN,24,11,0
120,1773836206574,AIRPORT/ONIPETESI/ONILEKERE,24,11,0
121,1773836206581,"IPODO/SERIKI ARO",24,11,0
122,1773836206588,"ADEKUNLE VILL./ADENIYI JONES/OGBA",24,11,0
123,1773836206595,OKE-IRA/AGUDA,24,11,0
124,1773836206602,"ONIGBONGBO/MILITARY CANTONMENT",24,11,0
125,1773836206611,"GRA/POLICE BARRACKS",24,11,0
126,1773836206618,WASIMI/OPEBI/ALLEN,24,11,0
127,1773836206625,"ISELE I",24,12,0
128,1773836206632,"ISELE II",24,12,0
129,1773836206639,"ISELE III",24,12,0
130,1773836206645,AGA/IJIMU,24,12,0
131,1773836206652,IPAKODO,24,12,0
132,1773836206658,"IMOTA 1",24,12,0
133,1773836206665,"IMOTA II",24,12,0
134,1773836206671,ISIU,24,12,0
135,1773836206678,"IGBOGBO I",24,12,0
136,1773836206685,"IGBOGBO II",24,12,0
137,1773836206691,BAIYEKU/ORETA,24,12,0
138,1773836206698,IBESHE,24,12,0
139,1773836206704,"IJEDE J",24,12,0
140,1773836206711,"IJEDE II",24,12,0
141,1773836206718,AGURA/IPONMI,24,12,0
142,1773836206724,ODOGUNYAN,24,12,0
143,1773836206731,ERIKORODO,24,12,0
144,1773836206737,AGBALA,24,12,0
145,1773836206744,OLORUNDA/IGBAGA,24,12,0
146,1773836206751,OWORONSHOKI,24,13,0
147,1773836206757,IFAKO/SOLUYI,24,13,0
148,1773836206765,"ANTHONY/AJAO ESTATE/MENDE/MARYLAND",24,13,0
149,1773836206771,OJOTA/OGUDU,24,13,0
150,1773836206778,KETU/ALAPERE/AGIDI/ORISIGUN/KOSOFE/AJELOGO/AKANIMODO,24,13,0
151,1773836206784,"IKOSI KETU/MILE 12/AGILITI/MAIDAN",24,13,0
152,1773836206791,"ISHERI-OLOWO-IRA/SHANGISHA/MAGODO PHASE I & II",24,13,0
153,1773836206797,"AGBOYI I",24,13,0
154,1773836206804,"AGBOYI II",24,13,0
155,1773836206810,"OWODE ONIRIN/AJEGUNLE/ODO-OGUN",24,13,0
156,1773836206817,OLOWOGBOWO/ELEGBATA,24,14,0
157,1773836206827,OLUWOLE,24,14,0
158,1773836206834,IDUMOTA/OKE,24,14,0
159,1773836206840,OJU-OTO,24,14,0
160,1773836206847,OKO-AWO,24,14,0
161,1773836206854,AGARAWU/OBADINA,24,14,0
162,1773836206860,IDUNTAFA,24,14,0
163,1773836206867,ILUPESI,24,14,0
164,1773836206873,ISALE-AGBEDE,24,14,0
165,1773836206880,OLOSUN,24,14,0
166,1773836206886,OLUSHI/KAKAWA,24,14,0
167,1773836206893,POPO-AGUDA,24,14,0
168,1773836206900,ANIKANTAMO,24,14,0
169,1773836206906,OKO-FAJI,24,14,0
170,1773836206913,EIYEKOLE,24,14,0
171,1773836206919,ONIKAN,24,14,0
172,1773836206926,SANDGROUSE,24,14,0
173,1773836206933,EPETEDO,24,14,0
174,1773836206939,LAFIAJI/EBUTE,24,14,0
175,1773836206946,OTTO/IDDO,24,15,0
176,1773836206953,EPETEDO,24,15,0
177,1773836206960,"OLALEYE VILLAGE",24,15,0
178,1773836206966,"MAROKO/EBUTE METTA",24,15,0
179,1773836206973,"OYINGBO MARKET/EBUTE METTA",24,15,0
180,1773836206980,"GLOVER/EBUTE METTA",24,15,0
181,1773836206986,OKO-BABA,24,15,0
182,1773836206993,"OYADIRAN ESTATE/ABULE-OJA",24,15,0
183,1773836207000,ALAGOMEJI,24,15,0
184,1773836207006,IWAYA,24,15,0
185,1773836207013,YABA/IGBOBI,24,15,0
186,1773836207019,ALAKARA,24,16,0
187,1773836207026,IDI-ORO/ODI-OLOWU,24,16,0
188,1773836207032,BABALOSA,24,16,0
189,1773836207039,OJUWOYE,24,16,0
190,1773836207045,ILUPEJU,24,16,0
191,1773836207052,OLATEJU,24,16,0
192,1773836207059,KAYODE/FADEYI,24,16,0
193,1773836207067,MUSHIN/ATEWOLARA,24,16,0
194,1773836207074,PAPA-AJAO,24,16,0
195,1773836207080,ILASAMAJA,24,16,0
196,1773836207087,BABALOSA/IDI-ARABA,24,16,0
197,1773836207094,IDI-ARABA,24,16,0
198,1773836207100,ITIRE,24,16,0
199,1773836207107,"ILUPEJU INDUSTRIAL ESTATE",24,16,0
200,1773836207113,"OJO TOWN",24,17,0
201,1773836207120,OKOKOMAIKO,24,17,0
202,1773836207128,AJANGBADI,24,17,0
203,1773836207135,IJANIKIN,24,17,0
204,1773836207142,IBA,24,17,0
205,1773836207148,ILOGBO,24,17,0
206,1773836207155,IREWE,24,17,0
207,1773836207161,TAFI,24,17,0
208,1773836207168,ETEGBIN,24,17,0
209,1773836207175,IDOLOWU,24,17,0
210,1773836207181,SABO,24,17,0
211,1773836207187,OSHODI/BOLADE,24,18,0
212,1773836207194,ORILE-OSHODI,24,18,0
213,1773836207201,ISOLO,24,18,0
214,1773836207207,"AJAO ESTATE",24,18,0
215,1773836207214,ILASAMAJA,24,18,0
216,1773836207220,MAFOLUKU,24,18,0
217,1773836207227,SOGUNLE,24,18,0
218,1773836207234,SOGUNLE/ALASIA,24,18,0
219,1773836207241,OKOTA,24,18,0
220,1773836207248,ISHAGATEDO,24,18,0
221,1773836207255,"OKE AFA/EJIGBO",24,18,0
222,1773836207262,ONIPANU,24,19,0
223,1773836207268,PALMGROVE/IJEBUTEDO,24,19,0
224,1773836207275,ALADE,24,19,0
225,1773836207281,BAJULAIYE,24,19,0
226,1773836207288,MAFOWOKU/PEDRO,24,19,0
227,1773836207298,LAD-LAK/BARGA,24,19,0
228,1773836207306,ILAJE/AKOKA,24,19,0
229,1773836207313,IGBOBI/FADEYI,24,19,0
230,1773836207320,"FOLA AGORO/BAJULAIYE/IGBARI-AKOKA",24,19,0
231,1773836207327,"GBAGADA PHASE I/OBANIKORO/PEDRO",24,19,0
232,1773836207334,"GBAGADA PHASE II/BARIGA/APELEHIN",24,19,0
233,1773836207342,ABULE-OKUTA/ILAJE/BARIGA,24,19,0
234,1773836207350,ORILE,24,20,0
235,1773836207356,AGUDA,24,20,0
236,1773836207363,IJESHATEDO,24,20,0
237,1773836207369,AKINHANMI/COLE,24,20,0
238,1773836207376,YABA/OJUELEGBA,24,20,0
239,1773836207382,IGBAJA/STADIUM,24,20,0
240,1773836207389,"SHITTA/OGUNLANA DRIVE",24,20,0
241,1773836207396,ADENIRAN/OGUNSANYA,24,20,0
242,1773836207402,"IPONRI HOUSING ESTATE/ERIC MOORE",24,20,0
243,1773836207410,COKER,24,20,0
244,1773836207417,ITIRE,24,20,0
245,1773836207423,IKATE,24,20,0
246,1773836207430,"OGBA IJAIYE",24,10,0
