id,created_at,name
1,1756758917290,Abia
2,1756758917293,Adamawa
3,1756758917296,"Akwa Ibom"
4,1756758917299,Anambra
5,1756758917301,Bauchi
6,1756758917304,Bayelsa
7,1756758917307,Benue
8,1756758917309,Borno
9,1756758917312,"Cross River"
10,1756758917314,Delta
11,1756758917317,Ebonyi
12,1756758917320,Edo
13,1756758917322,Ekiti
14,1756758917325,Enugu
15,1756758917328,Gombe
16,1756758917330,Imo
17,1756758917333,Jigawa
18,1756758917336,Kaduna
19,1756758917338,Kano
20,1756758917341,Katsina
21,1756758917344,Kebbi
22,1756758917346,Kogi
23,1756758917349,Kwara
24,1756758917352,Lagos
25,1756758917354,Nasarawa
26,1756758917357,Niger
27,1756758917360,Ogun
28,1756758917362,Ondo
29,1756758917365,Osun
30,1756758917367,Oyo
31,1756758917371,Plateau
32,1756758917373,Rivers
33,1756758917376,Sokoto
34,1756758917379,Taraba
35,1756758917381,Yobe
36,1756758917384,Zamfara
37,1756758917387,FCT
