id,created_at,name,state_id,agent_id
1,1756823036229,Agege,24,0
2,1756823036232,Ajeromi-Ifelodun,24,0
3,1756823036236,Alimosho,24,0
4,1756823036239,Amuwo-Odofin,24,0
5,1756823036242,Apapa,24,0
6,1756823036246,Badagry,24,0
7,1756823036249,Epe,24,0
8,1756823036253,Eti-osa,24,0
9,1756823036256,Ibeju-Lekki,24,0
10,1756823036261,Ifako-Ijaiye,24,0
11,1756823036264,Ikeja,24,0
12,1756823036267,Ikorodu,24,0
13,1756823036270,Kosofe,24,0
14,1756823036274,"Lagos Island",24,0
15,1756823036277,"Lagos Mainland",24,0
16,1756823036280,Mushin,24,0
17,1756823036283,Ojo,24,0
18,1756823036286,Oshodi-Isolo,24,0
19,1756823036289,Shomolu,24,0
20,1756823036292,Surulere,24,0
